greetings,id,imgUrl,modifiedTime,name,userAgent
ç¥ç¦Elaineèˆ‡å‘±å‘±æ°¸æµ´æ„›æ²³ï½,-Mss-X8KhQ2hz-L2mC9b,https://firebasestorage.googleapis.com/v0/b/image.weddi.app/o/ykyl%2Fsmall%2FDSC04819-%E7%B7%A8%E8%BC%AF.jpeg?alt=media&token=71322a60-d387-469b-950e-58c3725268f7,2022-01-08T04:46:11.082Z,Bennie,Mozilla/5.0 (Macintosh; Intel Mac OS X 10.15; rv:95.0) Gecko/20100101 Firefox/95.0
"çœ‹è‘—ä½ å€‘ç¬‘è‘—æœ›å‘å½¼æ­¤çš„çœ¼ç¥
å½·å½¿è©®é‡‹äº†ç´”ç²¹ï¼Œæº«æš–
æ„›æƒ…çš„æ¨¡æ¨£ã€‚",-Mt6lw_cocxKroD6XUfI,https://firebasestorage.googleapis.com/v0/b/image.weddi.app/o/ykyl%2Fsmall%2FDSC04989.jpg?alt=media&token=e036ab40-9b1e-48ad-9e18-855e4540195a,False,2022-01-11T06:16:22.632Z,Leah Li,"Mozilla/5.0 (Macintosh; Intel Mac OS X 10_15_7) AppleWebKit/537.36 (KHTML, like Gecko) Chrome/97.0.4692.71 Safari/537.36"
æ„Ÿè¬å°Benå¹«å¿™è£½ä½œäº†é…·åˆ°ä¸è¡Œçš„æ–°åŠŸèƒ½!,-Mt6pFhQC5oYgyBnpceU,https://firebasestorage.googleapis.com/v0/b/image.weddi.app/o/ykyl%2Fsmall%2FDSC05204-%E7%B7%A8%E8%BC%AF-%E7%B7%A8%E8%BC%AF-2.jpeg?alt=media&token=c02962d9-d3df-4345-89e7-10212dd1ee6a,False,2022-01-11T06:30:51.483Z,ç¾¿æ„·èˆ‡æ€¡ç¶¾,"Mozilla/5.0 (Macintosh; Intel Mac OS X 10_15_7) AppleWebKit/537.36 (KHTML, like Gecko) Chrome/97.0.4692.71 Safari/537.36"
"æˆ‘å€‘æœ€ç¾éº—çš„æ–°å¨˜å­~~~~
ä¸€å®šè¦ä¸€ç›´å¹¸ç¦ç¾æ»¿ä¸‹å»å“¦:))
çµ¦ä½ æˆ‘æœ€æ·±æ·±æ·±æ·±æ·±çš„ç¥ç¦<3",-Mt6s_aHpFClk5_xpZI8,https://firebasestorage.googleapis.com/v0/b/image.weddi.app/o/ykyl%2Fsmall%2FDSC05135-%E7%B7%A8%E8%BC%AF-%E7%B7%A8%E8%BC%AF-%E7%B7%A8%E8%BC%AF.jpeg?alt=media&token=5771c770-f512-4c20-8772-775c3eb78054,False,2022-01-11T06:45:23.475Z,Chi,"Mozilla/5.0 (Macintosh; Intel Mac OS X 10_15_7) AppleWebKit/537.36 (KHTML, like Gecko) Chrome/96.0.4664.110 Safari/537.36"
é€™å¼µä¹Ÿå¤ªéœ¸æ°£äº†!!æ­å–œä»¥éŠé˜¿,-MtA34u5rsfAh9qWWDyo,https://firebasestorage.googleapis.com/v0/b/image.weddi.app/o/ykyl%2Fsmall%2FDSC04708-%E7%B7%A8%E8%BC%AF.jpeg?alt=media&token=02028092-dc71-457a-a5d6-fc441dc87077,False,2022-01-11T21:34:31.046Z,Johnson Chen,"Mozilla/5.0 (Macintosh; Intel Mac OS X 10_14_6) AppleWebKit/537.36 (KHTML, like Gecko) Chrome/96.0.4664.110 Safari/537.36"
Happy Wedding :) I hope you two live happily ever after.,-MtBtRSWWWrGDwi5Ze03,https://firebasestorage.googleapis.com/v0/b/image.weddi.app/o/ykyl%2Fsmall%2FDSC04766.jpg?alt=media&token=6fc95118-c897-482c-b92b-ad5439a9ecb7,False,2022-01-12T06:07:14.274Z,Toshi,"Mozilla/5.0 (Macintosh; Intel Mac OS X 10_15_7) AppleWebKit/537.36 (KHTML, like Gecko) Chrome/96.0.4664.110 Safari/537.36"
Congratulations and best wishes to å‘±å‘± and ä»¥ç·´. May the one with a louder keyboard wins every future arguments.,-MtCHanpSfLnOFbUZDWO,https://firebasestorage.googleapis.com/v0/b/image.weddi.app/o/ykyl%2Fsmall%2FDSC04642-%E7%B7%A8%E8%BC%AF.jpeg?alt=media&token=6c418a66-9bb7-4fdc-b28c-9b412284ba8e,False,2022-01-12T07:57:10.261Z,paresh,"Mozilla/5.0 (Macintosh; Intel Mac OS X 10_15_7) AppleWebKit/537.36 (KHTML, like Gecko) Chrome/96.0.4664.110 Safari/537.36"
"Congratulations! Wishing you love, laughter and happily ever after â™¡",-MtCJo9ckUbV-S7_7Xmf,https://firebasestorage.googleapis.com/v0/b/image.weddi.app/o/ykyl%2Fsmall%2FDSC04970-%E7%B7%A8%E8%BC%AF.jpeg?alt=media&token=40ac3e23-e8e5-4a0f-af29-672c20af4c9a,False,2022-01-12T08:06:49.257Z,Haily,Mozilla/5.0 (Macintosh; Intel Mac OS X 10.15; rv:95.0) Gecko/20100101 Firefox/95.0
"çµå©šãŠã‚ã§ã¨ã†ï¼ ã„ã¤ã¾ã§ã‚‚ç¬‘é¡”ã®çµ¶ãˆãªã„å®¶åº­ã‚’ç¯‰ã„ã¦ã„ã£ã¦ã­â™¡
ç¥ä½ å€‘æ°¸é å¿«æ¨‚å¹¸ç¦ã€‚",-MuUQhxMVIQHPb0LvmY-,https://firebasestorage.googleapis.com/v0/b/image.weddi.app/o/ykyl%2Fsmall%2FDSC04708-%E7%B7%A8%E8%BC%AF.jpeg?alt=media&token=02028092-dc71-457a-a5d6-fc441dc87077,False,2022-01-28T06:45:50.551Z,inatomi moemi,"Mozilla/5.0 (Windows NT 10.0; Win64; x64) AppleWebKit/537.36 (KHTML, like Gecko) Chrome/97.0.4692.99 Safari/537.36"
Happy Weddingï¼Hope you two happy for ever and built a warm familyï¼,-MuUd7BRjDG5lIB5X2z9,https://firebasestorage.googleapis.com/v0/b/image.weddi.app/o/ykyl%2Fsmall%2FDSC04970-%E7%B7%A8%E8%BC%AF.jpeg?alt=media&token=40ac3e23-e8e5-4a0f-af29-672c20af4c9a,False,2022-01-28T07:44:25.884Z,mavis,"Mozilla/5.0 (Windows NT 10.0; Win64; x64) AppleWebKit/537.36 (KHTML, like Gecko) Chrome/97.0.4692.71 Safari/537.36"
ç¥ä½ å€‘å¹¸ç¦å¿«æ¨‚!!å¥åº·ç¾æ»¿!!,-MuYTgaB2h5cRqxcz97e,https://firebasestorage.googleapis.com/v0/b/image.weddi.app/o/ykyl%2Fsmall%2FDSC04837-%E7%B7%A8%E8%BC%AF.jpeg?alt=media&token=f62c3ffb-ba8c-49cf-8366-ff84fbe53e28,False,2022-01-29T01:37:20.268Z,Ale,"Mozilla/5.0 (Windows NT 10.0; Win64; x64) AppleWebKit/537.36 (KHTML, like Gecko) Chrome/97.0.4692.99 Safari/537.36"
"Congratulations! I really am happy you two will get married. Also, Iâ€™m looking forward to coming to Japan and play board games together. Iâ€™ll beat you, Elaine hehe. Anyway, I wish you both happiness for many years to come.",-MuorSr7jtBtVfWEFJ0Y,https://firebasestorage.googleapis.com/v0/b/image.weddi.app/o/ykyl%2Fsmall%2FDSC04767-%E7%B7%A8%E8%BC%AF.jpeg?alt=media&token=618d6936-d275-4cbf-a6eb-a69a9ade93d8,False,2022-02-01T10:39:06.185Z,Gota Morishita,"Mozilla/5.0 (iPhone; CPU iPhone OS 14_7_1 like Mac OS X) AppleWebKit/605.1.15 (KHTML, like Gecko) Mobile/15E148 Safari Line/12.1.0"
"Happiest wishes for all the love (and moneyz ofc!) for the both of you, from Peng and me <3",-Mv1SL7jrPXKJjbBxTkj,https://firebasestorage.googleapis.com/v0/b/image.weddi.app/o/ykyl%2Fsmall%2FDSC04642-%E7%B7%A8%E8%BC%AF.jpeg?alt=media&token=6c418a66-9bb7-4fdc-b28c-9b412284ba8e,False,2022-02-04T01:59:39.823Z,shawila,"Mozilla/5.0 (Windows NT 10.0; Win64; x64) AppleWebKit/537.36 (KHTML, like Gecko) Chrome/97.0.4692.99 Safari/537.36"
"Hi Elaine,

I genuinely feel so happy for both of you who have found each other as life partners. 

You are a great person who makes people around you smile and happy. You are also a great engineer who solves difficult problems. So Iâ€™m sure that youâ€™ll be successful in your career and marriage even there would be challenges ahead you in the future.

My best wishes to you on your marriage!",-MvC0bhsE28EM47Uu-Mt,https://firebasestorage.googleapis.com/v0/b/image.weddi.app/o/ykyl%2Fsmall%2FDSC05067-%E7%B7%A8%E8%BC%AF.jpeg?alt=media&token=b3d9728a-d101-4c00-8b15-f77c8cfb1d29,False,2022-02-06T03:14:21.177Z,Kaku,"Mozilla/5.0 (iPhone; CPU iPhone OS 15_2_1 like Mac OS X) AppleWebKit/605.1.15 (KHTML, like Gecko) Version/15.2 Mobile/15E148 Safari/604.1"
è¦å¹¸ç¦å•Šï¼æ—©ç”Ÿè²´å­ç™¾å¹´å¥½åˆï¼å¯«æ‰£æ²’BUG!,-MvCN-6MZm1i3CVO8qO_,https://firebasestorage.googleapis.com/v0/b/image.weddi.app/o/ykyl%2Fsmall%2FDSC04883-%E7%B7%A8%E8%BC%AF.jpeg?alt=media&token=ca73532e-344b-4f63-9a29-a8d1a00c3bcb,False,2022-02-06T04:52:08.279Z,Uni,"Mozilla/5.0 (Macintosh; Intel Mac OS X 10_15_7) AppleWebKit/537.36 (KHTML, like Gecko) Chrome/97.0.4692.99 Safari/537.36"
æ°¸æµ´æ„›æ²³ï¼Œæ°¸é å¹¸ç¦ã€‚,-MvCW-EYSa-WS9NiS3ZP,https://firebasestorage.googleapis.com/v0/b/image.weddi.app/o/ykyl%2Fsmall%2FDSC04925-%E7%B7%A8%E8%BC%AF.jpeg?alt=media&token=215f3ba8-fd61-470d-9e48-890061c703a2,False,2022-02-06T05:31:28.099Z,Mason,"Mozilla/5.0 (iPhone; CPU iPhone OS 15_3 like Mac OS X) AppleWebKit/605.1.15 (KHTML, like Gecko) Mobile/15E148 LightSpeed [FBAN/MessengerLiteForiOS;FBAV/346.0.0.27.116;FBBV/348162750;FBDV/iPhone11,2;FBMD/iPhone;FBSN/iOS;FBSV/15.3;FBSS/3;FBCR/;FBID/phone;FBLC/en;FBOP/0]"
æœ€å£æ„›çš„Elaine~~~ é›–ç„¶å¾ˆä¹…æ²’è¦‹ ä½†æ˜¯æˆ‘è¦é€ä¸Šæœ€å¤§å¤§å¤§å¤§å¤§å¤§çš„ç¥ç¦ï¼ï¼ï¼ ä¸€å®šè¦å¹¸ç¦å“¦~~~ ç„¶å¾Œé‚„è¦é–‹é–‹å¿ƒå¿ƒ èº«é«”å¥åº·ï¼ï¼ï¼ï¼ <3,-MvCc0PhfdtYqH0Pm7zT,https://firebasestorage.googleapis.com/v0/b/image.weddi.app/o/ykyl%2Fsmall%2FDSC04970-%E7%B7%A8%E8%BC%AF.jpeg?alt=media&token=40ac3e23-e8e5-4a0f-af29-672c20af4c9a,False,2022-02-06T06:02:07.917Z,9m,"Mozilla/5.0 (Linux; Android 12; Pixel 4 XL Build/SQ1A.220105.002; wv) AppleWebKit/537.36 (KHTML, like Gecko) Version/4.0 Chrome/97.0.4692.98 Mobile Safari/537.36 Line/12.1.0/IAB"
ç™¾å¹´å¥½åˆå•¦ï½å®‰å…¨ï½ï½ï½,-MvCf2txi5HGu92nNcKN,https://firebasestorage.googleapis.com/v0/b/image.weddi.app/o/ykyl%2Fsmall%2FDSC04953-%E7%B7%A8%E8%BC%AF.jpeg?alt=media&token=5fb86cf3-9260-4028-8e9b-6e5388197077,False,2022-02-06T06:15:24.542Z,æ›¾ç‚«éŠ˜,"Mozilla/5.0 (iPhone; CPU iPhone OS 14_8_1 like Mac OS X) AppleWebKit/605.1.15 (KHTML, like Gecko) Mobile/15E148 LightSpeed [FBAN/MessengerLiteForiOS;FBAV/346.0.0.27.116;FBBV/348162750;FBDV/iPhone12,8;FBMD/iPhone;FBSN/iOS;FBSV/14.8.1;FBSS/2;FBCR/;FBID/phone;FBLC/en;FBOP/0]"
Yoooo so nice!,-MvDol93SDKHyxdx3XIi,https://firebasestorage.googleapis.com/v0/b/image.weddi.app/o/ykyl%2Fsmall%2FDSC04837-%E7%B7%A8%E8%BC%AF.jpeg?alt=media&token=f62c3ffb-ba8c-49cf-8366-ff84fbe53e28,False,2022-02-06T11:37:26.405Z,Sam Zaza,"Mozilla/5.0 (iPhone; CPU iPhone OS 15_2_1 like Mac OS X) AppleWebKit/605.1.15 (KHTML, like Gecko) Mobile/15E148 LightSpeed [FBAN/MessengerLiteForiOS;FBAV/343.2.0.42.465;FBBV/344465347;FBDV/iPhone14,2;FBMD/iPhone;FBSN/iOS;FBSV/15.2.1;FBSS/3;FBCR/;FBID/phone;FBLC/en-GB;FBOP/0]"
é˜¿é»ƒï½ï½ æ­å–œä½ æˆç‚ºç­ä¸Šç¬¬ä¸€å€‹å«å‡ºå»çš„å¥³ç”ŸğŸ¥° è¦å¹¸ç¦å–”å–”å–”ğŸ˜˜ ç¥ä½ å€‘æ—©ç”Ÿè²´å­ğŸ˜š,-MvTTUzr_yVtMdm8WKr-,https://firebasestorage.googleapis.com/v0/b/image.weddi.app/o/ykyl%2Fsmall%2FDSC04766.jpg?alt=media&token=6fc95118-c897-482c-b92b-ad5439a9ecb7,False,2022-02-09T12:34:04.407Z,æ·¨æ¶µ,"Mozilla/5.0 (iPhone; CPU iPhone OS 14_5_1 like Mac OS X) AppleWebKit/605.1.15 (KHTML, like Gecko) Mobile/15E148 Safari Line/11.16.0"
"ä¸€ç›´éƒ½å¾ˆå–„è§£äººæ„çš„é˜¿é»ƒï¼Œå—šå—šæ²’æƒ³åˆ°ä½ é€™éº¼å¿«å°±è¦å«äººäº†ï¼æ¨ä¸å¾—åˆå¾ˆæ›¿ä½ é–‹å¿ƒ~ï¼ˆä½ è€å…¬çœŸçš„æ˜¯è³ºåˆ°XD
P.S ç­‰ç–«æƒ…çµæŸæˆ‘è¦å†å»æ‰¾ä½ ç©<3",-MvU5FgRsDp_91IIRJ0O,https://firebasestorage.googleapis.com/v0/b/image.weddi.app/o/ykyl%2Fpublic_upload%2Fe0c3978e-ce60-4f1d-b1fa-04827f9e3b4f?alt=media&token=fcb701ef-fa67-4745-92fa-97f6e98dc79a,False,2022-02-09T15:27:47.484Z,å½¥è‹¹,"Mozilla/5.0 (iPhone; CPU iPhone OS 14_7_1 like Mac OS X) AppleWebKit/605.1.15 (KHTML, like Gecko) Mobile/15E148 Safari Line/12.1.0"
è‡ªç”±è€Œç¾å¥½,-MvUBvRtHRrj2FDBBVNJ,https://firebasestorage.googleapis.com/v0/b/image.weddi.app/o/ykyl%2Fsmall%2FDSC04978.jpg?alt=media&token=437b629b-d1af-45e2-a1c5-c789fe7d5377,True,2022-02-09T15:56:55.481Z,äººåœ¨æ±Ÿæ¹–èº«ä¸ç”±å·±,"Mozilla/5.0 (Linux; Android 12; Pixel 3 Build/SP1A.210812.016.A2; wv) AppleWebKit/537.36 (KHTML, like Gecko) Version/4.0 Chrome/96.0.4664.104 Mobile Safari/537.36 Line/11.22.1/IAB"
æ€¡ç¶¾~æ­å–œä½ å€‘æ„›æƒ…é•·è·‘æˆåŠŸ~è¦å¹¸ç¦å–”~ğŸ¥°ğŸ¥°ğŸ¥°ä»¥å¾Œå¤§å®¶éƒ½ç”Ÿå¯¶å¯¶äº†ä¹‹å¾Œæˆ‘å€‘è€å¦¹åœ˜å¯ä»¥çµ„æˆåª½åª½åœ˜ :))),-MvWlYphPeCSzxZtTEul,https://firebasestorage.googleapis.com/v0/b/image.weddi.app/o/ykyl%2Fsmall%2FDSC04989.jpg?alt=media&token=e036ab40-9b1e-48ad-9e18-855e4540195a,False,2022-02-10T03:56:12.525Z,ç›§ç¬è‡»,"Mozilla/5.0 (Windows NT 10.0; Win64; x64) AppleWebKit/537.36 (KHTML, like Gecko) Chrome/97.0.4692.71 Safari/537.36"
æ­å–œä½ å€‘ğŸ§¨å¾ˆå–œæ­¡ä½ å€‘åœ¨ä¸€èµ·æ™‚æ­¡æ¨‚çš„é¢¨æ ¼ï¼Œè¦ä¸€ç›´éƒ½é–‹é–‹å¿ƒå¿ƒå”·ğŸ˜,-MvbNADdBP8_4vZCwD4s,https://firebasestorage.googleapis.com/v0/b/image.weddi.app/o/ykyl%2Fsmall%2FDSC04708-%E7%B7%A8%E8%BC%AF.jpeg?alt=media&token=02028092-dc71-457a-a5d6-fc441dc87077,True,2022-02-11T06:03:01.418Z,è»’å¦‚,"Mozilla/5.0 (iPhone; CPU iPhone OS 15_2_1 like Mac OS X) AppleWebKit/605.1.15 (KHTML, like Gecko) Mobile/15E148 LightSpeed [FBAN/MessengerLiteForiOS;FBAV/347.0.0.7.115;FBBV/348849904;FBDV/iPhone13,2;FBMD/iPhone;FBSN/iOS;FBSV/15.2.1;FBSS/3;FBCR/;FBID/phone;FBLC/zh-Hant;FBOP/0]"
å©šå§»ä¹‹è·¯ä¸å®¹æ˜“ï¼ŒåŠ æ²¹ï¼ï¼¸ï¼¤,-MvblcU8u0D1CX3ZV4uO,https://firebasestorage.googleapis.com/v0/b/image.weddi.app/o/ykyl%2Fsmall%2FDSC04970-%E7%B7%A8%E8%BC%AF.jpeg?alt=media&token=40ac3e23-e8e5-4a0f-af29-672c20af4c9a,False,2022-02-11T07:54:14.857Z,Rice~,"Mozilla/5.0 (Macintosh; Intel Mac OS X 10_15_7) AppleWebKit/537.36 (KHTML, like Gecko) Chrome/97.0.4692.99 Safari/537.36"
"ğŸ’›ğŸ’šğŸ§¡Congratulations on your marriage, ElaineğŸ’›ğŸ’šğŸ§¡
May you guys live happily ever afterğŸ’
Wishing you a lifetime of love and happinessğŸ˜ŠğŸŒ¼ğŸ’•",-MvcwD6JK2kth77pjfod,https://firebasestorage.googleapis.com/v0/b/image.weddi.app/o/ykyl%2Fpublic_upload%2F3aedb365-7c9f-4130-a806-9cd146cbbf24?alt=media&token=216b7ea0-5b70-41b7-b8de-d775b2c7ec6d,False,2022-02-11T13:20:07.637Z,Mika & Jae & Yun,"Mozilla/5.0 (Linux; Android 8.0.0; SM-G930F Build/R16NW; wv) AppleWebKit/537.36 (KHTML, like Gecko) Version/4.0 Chrome/97.0.4692.98 Mobile Safari/537.36 Line/12.1.0/IAB"
"æ™‚é–“éå¾—å¥½å¿«ï¼Œæƒ³ç•¶åˆé‚„ç‰¹åœ°æ‰“é›»è©±ä¾†è·Ÿæˆ‘èªªäº¤ç”·æœ‹å‹äº†ï¼Œæ²’æƒ³åˆ°ä¸€è½‰çœ¼å°±è¦å«äº†ï¼XD
é€ä¸Šèª æ‘¯ä¸”æ»¿æ»¿çš„ç¥ç¦ï½
Ps.æ¯æ¬¡æƒ³åˆ°å‘±å‘±ç¶½è™Ÿçš„ç”±ä¾†éƒ½è¦ºå¾—å¾ˆé¬§ï¼Œä¸éå¾ˆæœ‰è¨˜æ†¶é»ï¼",-MviOTHzmhHr0W0vVDP3,https://firebasestorage.googleapis.com/v0/b/image.weddi.app/o/ykyl%2Fsmall%2FDSC05204-%E7%B7%A8%E8%BC%AF-%E7%B7%A8%E8%BC%AF-2.jpeg?alt=media&token=c02962d9-d3df-4345-89e7-10212dd1ee6a,True,2022-02-12T14:46:02.175Z,æ½˜æ½˜,"Mozilla/5.0 (iPhone; CPU iPhone OS 15_1 like Mac OS X) AppleWebKit/605.1.15 (KHTML, like Gecko) Mobile/15E148 LightSpeed [FBAN/MessengerLiteForiOS;FBAV/347.0.0.7.115;FBBV/348849904;FBDV/iPhone10,4;FBMD/iPhone;FBSN/iOS;FBSV/15.1;FBSS/2;FBCR/;FBID/phone;FBLC/zh-Hant;FBOP/0]"
å¤šç”Ÿå¹¾å€‹ä¿ƒé€²ç¶“æ¿ŸğŸ¤£ğŸ¤£ğŸ¤£ğŸ¥°ğŸ¥°ğŸ¥°,-MviW1lp6FHxY_hfMdHr,https://firebasestorage.googleapis.com/v0/b/image.weddi.app/o/ykyl%2Fsmall%2FDSC05092-%E7%B7%A8%E8%BC%AF.jpeg?alt=media&token=58331d24-8959-4947-b5d3-9329e317c015,True,2022-02-12T15:19:06.613Z,Marisa,"Mozilla/5.0 (iPhone; CPU iPhone OS 15_2_1 like Mac OS X) AppleWebKit/605.1.15 (KHTML, like Gecko) Mobile/15E148 Safari Line/11.22.1"
å‘±å‘±å¥½å¥½ç–¼æ„›æˆ‘å€‘ç¶¾ç¶¾ğŸ˜ä¸ç„¶å¦³å°±æœƒè¢«å…©å€‹å§å§ä¸€å€‹å“¥å“¥å’Œä¸€å€‹å¦¹å¦¹ç´„è«‡ğŸ˜ˆ,-MvirHJVLb6f3Ki3-lQF,https://firebasestorage.googleapis.com/v0/b/image.weddi.app/o/ykyl%2Fsmall%2FDSC05033-%E7%B7%A8%E8%BC%AF.jpeg?alt=media&token=dc3fd04c-c1d9-4d1a-a8dc-099be18e5b35,True,2022-02-12T16:56:17.440Z,å°å¿ƒæ»‘,"Mozilla/5.0 (iPhone; CPU iPhone OS 15_2_1 like Mac OS X) AppleWebKit/605.1.15 (KHTML, like Gecko) Mobile/15E148 Safari Line/12.1.0"
"å§å§å¥½æ¼‚äº®ğŸ¥°
ç¥å…©äººçµå©šå¹¸ç¦ç¾æ»¿â¤",-MvlwoL5_RshofxXSu4C,https://firebasestorage.googleapis.com/v0/b/image.weddi.app/o/ykyl%2Fsmall%2FDSC04925-%E7%B7%A8%E8%BC%AF.jpeg?alt=media&token=215f3ba8-fd61-470d-9e48-890061c703a2,True,2022-02-13T07:19:19.175Z,é›…é›…,"Mozilla/5.0 (Linux; Android 10; SM-A505GN Build/QP1A.190711.020; wv) AppleWebKit/537.36 (KHTML, like Gecko) Version/4.0 Chrome/98.0.4758.87 Mobile Safari/537.36 [FB_IAB/Orca-Android;FBAV/347.0.0.8.115;]"
"Dearç¾¿æ„·ï¼Œ
å¾ˆå¯æƒœæ²’æœ‰æ©Ÿæœƒç¾å ´åƒèˆ‡åˆ°ä½ çš„äººç”Ÿå¤§äº‹ï¼Œéå¸¸çš„æ­å–œä½ èˆ‡å°Šå¤«äººã€‚
ä¹Ÿè¬è¬ä½ ä¸€è·¯æ˜¯å€‹å¦‚æ­¤æº«æš–çš„äººï¼ç›¸ä¿¡ä½ æœªä¾†çµ•å°æœƒæ˜¯å€‹å¥½ä¸ˆå¤«ï¼Œå¥½çˆ¸çˆ¸ï¼Œä¹Ÿç¥å…©ä½æ–°äººå¯ä»¥æ°¸é å¹¸ç¦ï¼Œç”Ÿæ´»ç¾æ»¿ï¼Œè¡ç ´ä¸€åˆ‡å›°é›£ã€‚

Weke æ•¬ä¸Š",-Mvm1E0RlAmUONN4KiLy,https://firebasestorage.googleapis.com/v0/b/image.weddi.app/o/ykyl%2Fpublic_upload%2F146e650c-38a6-4e07-88dd-eeb69ddbc8fb?alt=media&token=0da40195-d2cd-4a07-8822-4f087cf075f1,False,2022-02-13T07:42:59.165Z,å¨å…‹,"Mozilla/5.0 (iPhone; CPU iPhone OS 15_0_2 like Mac OS X) AppleWebKit/605.1.15 (KHTML, like Gecko) Mobile/15E148 LightSpeed [FBAN/MessengerLiteForiOS;FBAV/347.1.0.30.115;FBBV/350261955;FBDV/iPhone14,5;FBMD/iPhone;FBSN/iOS;FBSV/15.0.2;FBSS/3;FBCR/;FBID/phone;FBLC/en;FBOP/0]"
å¤ªå¹¸ç¦æƒ¹ã„…ï¼æ­å–œï¼ï¼,-MvmFoZ8EIQAqj17kI2M,https://firebasestorage.googleapis.com/v0/b/image.weddi.app/o/ykyl%2Fsmall%2FDSC04854-%E7%B7%A8%E8%BC%AF-%E7%B7%A8%E8%BC%AF.jpeg?alt=media&token=180a8a11-c1db-4fa2-a7dd-ed995cb5cc3a,False,2022-02-13T08:46:42.953Z,æä½¶ç©,"Mozilla/5.0 (iPhone; CPU iPhone OS 15_1 like Mac OS X) AppleWebKit/605.1.15 (KHTML, like Gecko) Mobile/19B74 [FBAN/FBIOS;FBDV/iPhone11,8;FBMD/iPhone;FBSN/iOS;FBSV/15.1;FBSS/2;FBID/phone;FBLC/zh_TW;FBOP/5]"
æ­å–œæ­å–œï½ç¥ä½ å€‘å¹¸ç¦å¿«æ¨‚:D,-MvmHGAob25Wrpwtkug2,https://firebasestorage.googleapis.com/v0/b/image.weddi.app/o/ykyl%2Fsmall%2FDSC04837-%E7%B7%A8%E8%BC%AF.jpeg?alt=media&token=f62c3ffb-ba8c-49cf-8366-ff84fbe53e28,False,2022-02-13T08:53:02.324Z,JM,"Mozilla/5.0 (Macintosh; Intel Mac OS X 10_15_7) AppleWebKit/537.36 (KHTML, like Gecko) Chrome/98.0.4758.80 Safari/537.36"
æ­å–œè€çˆºè³€å–œå¤«äºº,-MvmHzoNcHiON6cF4wao,https://firebasestorage.googleapis.com/v0/b/image.weddi.app/o/ykyl%2Fsmall%2FDSC05175-%E7%B7%A8%E8%BC%AF-%E7%B7%A8%E8%BC%AF.jpeg?alt=media&token=41761b1c-54dc-455f-84e3-f9bdcaefcc36,False,2022-02-13T08:56:13.336Z,oscar,"Mozilla/5.0 (Macintosh; Intel Mac OS X 10_12_6) AppleWebKit/537.36 (KHTML, like Gecko) Chrome/98.0.4758.80 Safari/537.36"
"éå¸¸æ­å–œå…©ä½ï¼

ç–«æƒ…ä¹‹ä¸‹ï¼Œæ‚£é›£è¦‹çœŸæƒ…ï¼

å…©ä½ä¸€å®šå¯ä»¥æ©æ„›åˆ°æ°¸é â€¦",-MvmIBA84fxd7OxwNO6b,https://firebasestorage.googleapis.com/v0/b/image.weddi.app/o/ykyl%2Fsmall%2FDSC04642-%E7%B7%A8%E8%BC%AF.jpeg?alt=media&token=6c418a66-9bb7-4fdc-b28c-9b412284ba8e,False,2022-02-13T08:57:03.945Z,å¤§å¸ƒ,"Mozilla/5.0 (Linux; Android 12; SM-G9860 Build/SP1A.210812.016; wv) AppleWebKit/537.36 (KHTML, like Gecko) Version/4.0 Chrome/98.0.4758.87 Mobile Safari/537.36 [FB_IAB/FB4A;FBAV/353.0.0.34.116;]"
"è€åŒå­¸ï¼Œæ­å–œçµå©šğŸ‰
å› ç‚ºç–«æƒ…çš„é—œä¿‚ï¼Œæ²’è¾¦æ³•åˆ°å ´ç¥ç¦ä½ å€‘
ä¸éå–œæ‚…çš„å¿ƒæ˜¯ä¸è®Šçš„
ç¥ç™¾å¹´å¥½åˆï½ï½ï½",-MvmI_EB-LGtFY7cSVmE,https://firebasestorage.googleapis.com/v0/b/image.weddi.app/o/ykyl%2Fsmall%2FDSC04989.jpg?alt=media&token=e036ab40-9b1e-48ad-9e18-855e4540195a,False,2022-02-13T08:58:46.604Z,è±æ—­,"Mozilla/5.0 (iPhone; CPU iPhone OS 15_0 like Mac OS X) AppleWebKit/605.1.15 (KHTML, like Gecko) Mobile/19A344 [FBAN/FBIOS;FBDV/iPhone14,5;FBMD/iPhone;FBSN/iOS;FBSV/15.0;FBSS/3;FBID/phone;FBLC/zh_TW;FBOP/5]"
ç¾¿æ„·æ–°å©šå¿«æ¨‚ï¼ç¥ä½ å€‘å¯ä»¥ç™½é ­å•è€ã€ç™¾å¹´å¥½åˆï¼Œæ–°å©šå¾Œäº‹æ¥­ã€ç”Ÿæ´»ä¸€åˆ‡é †åˆ©ï¼Œæ—©æ—¥ç”Ÿä¸€å€‹ç™½ç™½èƒ–èƒ–çš„å°æœ‹å‹ä¾†è®“æˆ‘åŒ…ç´…åŒ…ï½,-MvmIsfQK3dUTuALXsgn,https://firebasestorage.googleapis.com/v0/b/image.weddi.app/o/ykyl%2Fsmall%2FDSC04695-%E7%B7%A8%E8%BC%AF.jpeg?alt=media&token=50d724ae-1e35-4d44-88a4-069b0c661866,False,2022-02-13T09:00:06.235Z,VG,"Mozilla/5.0 (iPhone; CPU iPhone OS 15_2_1 like Mac OS X) AppleWebKit/605.1.15 (KHTML, like Gecko) Mobile/19C63 [FBAN/FBIOS;FBDV/iPhone11,8;FBMD/iPhone;FBSN/iOS;FBSV/15.2.1;FBSS/2;FBID/phone;FBLC/zh_TW;FBOP/5]"
æ–°å¨˜å­è¶…ç¾!!!ç¥ç¦ä½ å€‘æ°¸é ç”œèœœï¼Œå°å­©äº”å®˜åƒæ¼‚äº®çš„åª½å’ªXD,-MvmKl_9RAVbh9-QNPGD,https://firebasestorage.googleapis.com/v0/b/image.weddi.app/o/ykyl%2Fsmall%2FDSC05033-%E7%B7%A8%E8%BC%AF.jpeg?alt=media&token=dc3fd04c-c1d9-4d1a-a8dc-099be18e5b35,False,2022-02-13T09:08:21.450Z,Tina,"Mozilla/5.0 (Windows NT 6.3; Win64; x64) AppleWebKit/537.36 (KHTML, like Gecko) Chrome/98.0.4758.82 Safari/537.36"
æ­å–œå·²ç´¯ï½ ç¾ç¾ã„Ÿç…§ç‰‡ï¼Œæ­å–œåŠ å…¥äººå¤«äººå¦»ä¿±æ¨‚éƒ¨ï½æˆ‘å€‘å¾ç¶²å‹è®ŠåŒäº‹å†å¾åŒäº‹è®Šç¶²å‹ï¼Œä½ ä¹Ÿå¾å°å¹¼è‹—è®Šä¸€é¡†å¤§æ¨¹ï¼Œæ»¿æ»¿çš„æ„Ÿå‹•ï½ ç¥ç¦å·²ç´¯ï½ å¾æ­¤å¹¸ç¦ç¾æ»¿ï½,-MvmLP79LxYVsZyI2_Kq,https://firebasestorage.googleapis.com/v0/b/image.weddi.app/o/ykyl%2Fsmall%2FDSC05135-%E7%B7%A8%E8%BC%AF-%E7%B7%A8%E8%BC%AF-%E7%B7%A8%E8%BC%AF.jpeg?alt=media&token=5771c770-f512-4c20-8772-775c3eb78054,False,2022-02-13T09:11:07.530Z,sexyoung,"Mozilla/5.0 (iPhone; CPU iPhone OS 14_8_1 like Mac OS X) AppleWebKit/605.1.15 (KHTML, like Gecko) Mobile/18H107 [FBAN/FBIOS;FBDV/iPhone11,8;FBMD/iPhone;FBSN/iOS;FBSV/14.8.1;FBSS/2;FBID/phone;FBLC/zh_TW;FBOP/5]"
"æ­å–œç¾éº—åˆå……æ»¿éœ¸æ°£çš„æ€¡ç¶¾æ–°å¨˜
è¸å…¥ç¾éº—äººå¦»çš„ä¸–ç•Œï¼
ä½ å€‘ä¸€å®šè¦å…ˆå¥½å¥½äº«å—å…©äººä¸–ç•Œå¾Œå†ä¾†ç”Ÿå°å­©ï¼Œä¸ç„¶ç”Ÿå°å­©å¾Œæœƒå¿™åˆ°æ²’æœ‰å…©å€‹äººçš„ç´„æœƒäº†ï¼
è¸å…¥å©šå§»ä¸ç°¡å–®ï¼Œå¸Œæœ›èƒ½å¹¸ç¦ä¹…ä¹…å®¶åº­ç¾æ»¿ä¸€è¼©å­ï¼é–‹å¿ƒç”Ÿæ´»æœ€é‡è¦ï¼Œæ­å–œæ­å–œåœ¨æ­å–œğŸ‰ğŸ‰ğŸ‰ï¼",-MvmLlBWwbolEJDHPDJk,https://firebasestorage.googleapis.com/v0/b/image.weddi.app/o/ykyl%2Fsmall%2FDSC04708-%E7%B7%A8%E8%BC%AF.jpeg?alt=media&token=02028092-dc71-457a-a5d6-fc441dc87077,False,2022-02-13T09:12:42.017Z,ç‘€æŸ”,"Mozilla/5.0 (iPhone; CPU iPhone OS 14_8_1 like Mac OS X) AppleWebKit/605.1.15 (KHTML, like Gecko) Mobile/18H107 [FBAN/FBIOS;FBDV/iPhone13,3;FBMD/iPhone;FBSN/iOS;FBSV/14.8.1;FBSS/3;FBID/phone;FBLC/zh_TW;FBOP/5]"
æ­å–œæˆ‘å€‘å®¶æ€¡ç¶¾â¤é›–ç„¶ä¸èƒ½çœ‹æœ¬äººç©¿å©šç´—æœ‰é»å¯æƒœï¼Œä½†é‚„æ˜¯å¾ˆé–‹å¿ƒå¦³æœ‰å€‹å¹¸ç¦çš„æ­¸å±¬ï¼Œå©šå¾Œä¹Ÿè¦ä¿æŒè¯çµ¡å–”â¤,-MvmOMdeVnD3OZz_BrI8,https://firebasestorage.googleapis.com/v0/b/image.weddi.app/o/ykyl%2Fsmall%2FDSC04908-%E7%B7%A8%E8%BC%AF.jpeg?alt=media&token=3617a648-9cca-4ffa-90ed-89f3322b5bb3,False,2022-02-13T09:24:03.819Z,æ„é›…,"Mozilla/5.0 (iPhone; CPU iPhone OS 15_0_1 like Mac OS X) AppleWebKit/605.1.15 (KHTML, like Gecko) Mobile/19A348 [FBAN/FBIOS;FBDV/iPhone13,2;FBMD/iPhone;FBSN/iOS;FBSV/15.0.1;FBSS/3;FBID/phone;FBLC/zh_TW;FBOP/5]"
"å‘±å‘±ï¼Œè«‹è¨˜ä½""è€å©†æ°¸é æ˜¯å°çš„"";
ä»¥ç·´ï¼Œé‚£æ—¢ç„¶ä½ çŸ¥é“è€å…¬æ°¸é æœƒä»¥ä½ ç‚ºä¸»ï¼Œé‚£æœ‰æ™‚å€™å¦‚æœåµæ¶å°±åŸè«’ä»–ä¸€ä¸‹å§",-MvmPypITAn-s4uYJcqa,https://firebasestorage.googleapis.com/v0/b/image.weddi.app/o/ykyl%2Fsmall%2FDSC04845-%E7%B7%A8%E8%BC%AF.jpeg?alt=media&token=97dc87aa-2257-4cd9-b9c4-3080ad8865eb,False,2022-02-13T09:31:06.451Z,å¼µåœ‹éŠ˜/Lake,"Mozilla/5.0 (Macintosh; Intel Mac OS X 10_15_7) AppleWebKit/537.36 (KHTML, like Gecko) Chrome/98.0.4758.80 Safari/537.36"
å°å¯æ„›ï¼Œçµ‚æ–¼èµ°åˆ°äººç”Ÿçš„å¦å€‹éšæ®µï¼Œè¦ç™½é ­å•è€å–”ï¼ğŸ¥‚ğŸ˜˜ğŸ˜š,-MvmTsHfCg8qGcT6RL_W,https://firebasestorage.googleapis.com/v0/b/image.weddi.app/o/ykyl%2Fsmall%2FDSC04989.jpg?alt=media&token=e036ab40-9b1e-48ad-9e18-855e4540195a,False,2022-02-13T09:48:08.235Z,Crystal,"Mozilla/5.0 (Linux; Android 12; SM-G9910 Build/SP1A.210812.016; wv) AppleWebKit/537.36 (KHTML, like Gecko) Version/4.0 Chrome/98.0.4758.87 Mobile Safari/537.36 [FB_IAB/FB4A;FBAV/353.0.0.34.116;]"
ç¥ç¦ä½ å€‘å¹¸ç¦å¿«æ¨‚ï¼Œæ°¸æµ´æ„›æ²³~,-Mvm_vEkMgFj4J4fG7Ny,https://firebasestorage.googleapis.com/v0/b/image.weddi.app/o/ykyl%2Fsmall%2FDSC05144-%E7%B7%A8%E8%BC%AF.jpeg?alt=media&token=0068bae2-905a-4fe3-b048-bf361f0e982c,False,2022-02-13T10:18:55.344Z,å®œè•™,"Mozilla/5.0 (iPhone; CPU iPhone OS 14_5_1 like Mac OS X) AppleWebKit/605.1.15 (KHTML, like Gecko) Version/14.1 Mobile/15E148 Safari/604.1"
"æ­å–œå…©ä½ğŸ‰
ç¥ç¦ä½ å€‘ å¿ƒå¿ƒç›¸å° ç™¾å¹´å¥½åˆğŸ˜Š",-MvmaGMx-G6tyiwYOaqu,https://firebasestorage.googleapis.com/v0/b/image.weddi.app/o/ykyl%2Fsmall%2FDSC04819-%E7%B7%A8%E8%BC%AF.jpeg?alt=media&token=71322a60-d387-469b-950e-58c3725268f7,False,2022-02-13T10:20:25.981Z,å°éœ,"Mozilla/5.0 (iPhone; CPU iPhone OS 15_2 like Mac OS X) AppleWebKit/605.1.15 (KHTML, like Gecko) Mobile/19C57 [FBAN/FBIOS;FBDV/iPhone14,5;FBMD/iPhone;FBSN/iOS;FBSV/15.2;FBSS/3;FBID/phone;FBLC/zh_TW;FBOP/5]"
"æ­å–œä½ å€‘~~~
ç¥ä½ å€‘ä¸€ç›´éƒ½åƒé€™å¼µç…§ç‰‡ä¸€æ¨£~
æ‰“æ‰“é¬§é¬§ï¼Œç”œç”œèœœèœœï¼Œç™½é ­å•è€~~~~~",-MvmahrtEdoww1QRizEw,https://firebasestorage.googleapis.com/v0/b/image.weddi.app/o/ykyl%2Fsmall%2FDSC05204-%E7%B7%A8%E8%BC%AF-%E7%B7%A8%E8%BC%AF-2.jpeg?alt=media&token=c02962d9-d3df-4345-89e7-10212dd1ee6a,False,2022-02-13T10:22:22.713Z,è‹¥ç¿”&è–°èª¼,"Mozilla/5.0 (Windows NT 10.0; Win64; x64) AppleWebKit/537.36 (KHTML, like Gecko) Chrome/98.0.4758.82 Safari/537.36"
ç¥ä½ å€‘æ°¸é å¹¸ç¦å¿«æ¨‚ï¼,-Mvmf3sLV8MfW_mafvG6,https://firebasestorage.googleapis.com/v0/b/image.weddi.app/o/ykyl%2Fsmall%2FDSC04642-%E7%B7%A8%E8%BC%AF.jpeg?alt=media&token=6c418a66-9bb7-4fdc-b28c-9b412284ba8e,True,2022-02-13T10:41:25.527Z,é‚±å°æƒ ,"Mozilla/5.0 (iPhone; CPU iPhone OS 15_3 like Mac OS X) AppleWebKit/605.1.15 (KHTML, like Gecko) Mobile/19D50 [FBAN/FBIOS;FBDV/iPhone12,8;FBMD/iPhone;FBSN/iOS;FBSV/15.3;FBSS/2;FBID/phone;FBLC/zh_TW;FBOP/5]"
ç¾¿å‡±ï½æ­å–œæ­å–œğŸ‰æ–°å©šå¿«æ¨‚,-Mvmg4f9tt0h3mE1y65e,https://firebasestorage.googleapis.com/v0/b/image.weddi.app/o/ykyl%2Fsmall%2FDSC04953-%E7%B7%A8%E8%BC%AF.jpeg?alt=media&token=5fb86cf3-9260-4028-8e9b-6e5388197077,False,2022-02-13T10:45:50.922Z,äº¦å©·,"Mozilla/5.0 (iPhone; CPU iPhone OS 15_2_1 like Mac OS X) AppleWebKit/605.1.15 (KHTML, like Gecko) Mobile/19C63 [FBAN/FBIOS;FBDV/iPhone14,2;FBMD/iPhone;FBSN/iOS;FBSV/15.2.1;FBSS/3;FBID/phone;FBLC/zh_TW;FBOP/5]"
å’•åš•å·´è¿ªå°±æ˜¯è²“å’ªå¥½æœ‹å‹çš„æ„æ€ï½,-Mvmp0QoJMmV4TTPbNBb,https://firebasestorage.googleapis.com/v0/b/image.weddi.app/o/ykyl%2Fsmall%2FDSC05094-%E7%B7%A8%E8%BC%AF.jpeg?alt=media&token=c9a7f935-849f-4b91-aa9f-2609ebe5feb3,True,2022-02-13T11:24:52.853Z,å¿«æ‰“æ—‹é¢¨å¤§é­”ç‹,"Mozilla/5.0 (iPhone; CPU iPhone OS 15_2 like Mac OS X) WebKit/8612 (KHTML, like Gecko) Mobile/19C56 [FBAN/FBIOS;FBDV/iPhone8,1;FBMD/iPhone;FBSN/iOS;FBSV/15.2;FBSS/2;FBID/phone;FBLC/zh_TW;FBOP/5]"
Elaine æ–°å©šå¿«æ¨‚ï¼æ—©ç”Ÿè²´å­ï¼ğŸ‘ğŸ§¸ğŸ§©,-MvmrDAzgpRNhp1oB2tA,https://firebasestorage.googleapis.com/v0/b/image.weddi.app/o/ykyl%2Fsmall%2FDSC04719-%E7%B7%A8%E8%BC%AF-%E7%B7%A8%E8%BC%AF.jpeg?alt=media&token=c9b1dd3d-e460-4082-9cf5-5c7d1c65b9c7,False,2022-02-13T11:34:29.376Z,Farrah,"Mozilla/5.0 (Linux; Android 10; MAR-LX2 Build/HUAWEIMAR-L22B; wv) AppleWebKit/537.36 (KHTML, like Gecko) Version/4.0 Chrome/94.0.4606.85 Mobile Safari/537.36 [FB_IAB/FB4A;FBAV/353.0.0.34.116;]"
æ°¸æµ´æ„›æ²³ ç™¾å¹´å¥½åˆ,-MvmukL6H9dL8-8soD-U,https://firebasestorage.googleapis.com/v0/b/image.weddi.app/o/ykyl%2Fsmall%2FDSC04767-%E7%B7%A8%E8%BC%AF.jpeg?alt=media&token=618d6936-d275-4cbf-a6eb-a69a9ade93d8,False,2022-02-13T11:49:55.719Z,City,"Mozilla/5.0 (iPad; CPU OS 15_2_1 like Mac OS X) AppleWebKit/605.1.15 (KHTML, like Gecko) Mobile/19C63 [FBAN/FBIOS;FBDV/iPad11,3;FBMD/iPad;FBSN/iPadOS;FBSV/15.2.1;FBSS/2;FBID/tablet;FBLC/zh_TW;FBOP/5]"
ç¥ç¦ä½ å€‘å¹¸ç¦å¿«æ¨‚æ¯ä¸€å¤©ï¼Œäº’ç›¸æ‰¶æŒé«”è«’æ¯ä¸€å€‹äººç”Ÿéšæ®µã€‚,-Mvn2DZidfS8vd37iu48,https://firebasestorage.googleapis.com/v0/b/image.weddi.app/o/ykyl%2Fsmall%2FDSC05175-%E7%B7%A8%E8%BC%AF-%E7%B7%A8%E8%BC%AF.jpeg?alt=media&token=41761b1c-54dc-455f-84e3-f9bdcaefcc36,False,2022-02-13T12:26:56.687Z,ç‡•é’é˜¿å§¨,"Mozilla/5.0 (iPhone; CPU iPhone OS 15_2_1 like Mac OS X) AppleWebKit/605.1.15 (KHTML, like Gecko) Mobile/19C63 [FBAN/FBIOS;FBDV/iPhone11,8;FBMD/iPhone;FBSN/iOS;FBSV/15.2.1;FBSS/2;FBID/phone;FBLC/zh_TW;FBOP/5]"
"æ­å–œå¦³é‚å…¥æ–°çš„éšæ®µ
ç¥ç¦å¦³å€‘",-Mvn8OzQZ1XPwvOEob6O,https://firebasestorage.googleapis.com/v0/b/image.weddi.app/o/ykyl%2Fsmall%2FDSC04719-%E7%B7%A8%E8%BC%AF-%E7%B7%A8%E8%BC%AF.jpeg?alt=media&token=c9b1dd3d-e460-4082-9cf5-5c7d1c65b9c7,False,2022-02-13T12:53:56.315Z,è‰å©·,"Mozilla/5.0 (Linux; Android 11; CPH1951 Build/RP1A.200720.011; wv) AppleWebKit/537.36 (KHTML, like Gecko) Version/4.0 Chrome/98.0.4758.87 Mobile Safari/537.36 [FB_IAB/FB4A;FBAV/352.0.0.21.117;]"
"æ­å–œæ­å–œï½
ç¥ç¦ä½ å€‘å¹¸ç¦åˆ°æ°¸ä¹…",-MvnFx9_AdnPuZPQn8i8,https://firebasestorage.googleapis.com/v0/b/image.weddi.app/o/ykyl%2Fsmall%2FDSC04719-%E7%B7%A8%E8%BC%AF-%E7%B7%A8%E8%BC%AF.jpeg?alt=media&token=c9b1dd3d-e460-4082-9cf5-5c7d1c65b9c7,False,2022-02-13T13:26:55.398Z,å°æ¢…å§å§,"Mozilla/5.0 (Linux; Android 10; SM-A505GN Build/QP1A.190711.020; wv) AppleWebKit/537.36 (KHTML, like Gecko) Version/4.0 Chrome/81.0.4044.138 Mobile Safari/537.36 [FB_IAB/FB4A;FBAV/353.0.0.34.116;]"
"æœˆè€ç´…ç¹©ä¸€ç·šç‰½ï¼Œå¤©æˆè‰¯é…åœ°ç‚ºç·£ï¼Œæ–°å¨˜ä¹˜è½éƒé¨é¦¬ï¼Œä¸€å°ç’§äººæ˜¥å®µæš–ï¼Œé˜é¼“æ¨‚ä¹‹ç´ä½œéŸ¿ï¼Œé³³é¸å’Œé³´å–œä¸Šé¡ï¼Œç è¯ç’§åˆç™¾å¹´ä½œï¼Œå‰ä¸–ä¿®å¾—å…±æ•çœ ã€‚
é˜¿å§¨ç¥ç¦ä½ å€‘ï¼šç™½é ­å•è€â¤ï¸",-MvnJjRqLnyzt2N1ZP__,https://firebasestorage.googleapis.com/v0/b/image.weddi.app/o/ykyl%2Fsmall%2FDSC04883-%E7%B7%A8%E8%BC%AF.jpeg?alt=media&token=ca73532e-344b-4f63-9a29-a8d1a00c3bcb,False,2022-02-13T13:43:27.799Z,é™³ç§‹é³³,"Mozilla/5.0 (iPhone; CPU iPhone OS 13_3_1 like Mac OS X) AppleWebKit/605.1.15 (KHTML, like Gecko) Mobile/15E148 [FBAN/FBIOS;FBDV/iPhone12,1;FBMD/iPhone;FBSN/iOS;FBSV/13.3.1;FBSS/2;FBID/phone;FBLC/zh_TW;FBOP/5;FBCR/]"
æ–°å©šå¿«æ¨‚ï¼ç¥æ°¸é å¹¸ç¦ç”œèœœâ¤ï¸,-MvnMVFg5jrcXfmRC2yF,https://firebasestorage.googleapis.com/v0/b/image.weddi.app/o/ykyl%2Fsmall%2FDSC05175-%E7%B7%A8%E8%BC%AF-%E7%B7%A8%E8%BC%AF.jpeg?alt=media&token=41761b1c-54dc-455f-84e3-f9bdcaefcc36,False,2022-02-13T13:55:32.012Z,æ…§éœ–,"Mozilla/5.0 (Linux; Android 11; XQ-BT52) AppleWebKit/537.36 (KHTML, like Gecko) Chrome/97.0.4692.98 Mobile Safari/537.36"
æ­å–œæ–°å©šæ„‰å¿«ğŸ¥³ğŸ¥³ğŸ¥³æ—©ç”Ÿè²´å­,-MvnRq21qx4L6w7uDS3_,https://firebasestorage.googleapis.com/v0/b/image.weddi.app/o/ykyl%2Fsmall%2FDSC04668-%E7%B7%A8%E8%BC%AF.jpeg?alt=media&token=93d38de0-c8ee-41ce-8b55-fc0aec13180a,False,2022-02-13T14:18:51.970Z,å°ç¾å¥³,"Mozilla/5.0 (iPhone; CPU iPhone OS 15_2_1 like Mac OS X) AppleWebKit/605.1.15 (KHTML, like Gecko) Mobile/19C63 [FBAN/FBIOS;FBDV/iPhone12,1;FBMD/iPhone;FBSN/iOS;FBSV/15.2.1;FBSS/2;FBID/phone;FBLC/zh_TW;FBOP/5]"
"é˜¿æ„· è®šè®šğŸ‘
å¤§å¿«æ¨‚ï¼ï¼ï¼",-MvnXPvgWNoQNKXXeDjX,https://firebasestorage.googleapis.com/v0/b/image.weddi.app/o/ykyl%2Fsmall%2FDSC04642-%E7%B7%A8%E8%BC%AF.jpeg?alt=media&token=6c418a66-9bb7-4fdc-b28c-9b412284ba8e,False,2022-02-13T14:43:13.773Z,æ™ºå ¯,"Mozilla/5.0 (iPhone; CPU iPhone OS 13_7 like Mac OS X) AppleWebKit/605.1.15 (KHTML, like Gecko) Mobile/15E148 [FBAN/FBIOS;FBDV/iPhone11,8;FBMD/iPhone;FBSN/iOS;FBSV/13.7;FBSS/2;FBID/phone;FBLC/zh_TW;FBOP/5]"
æ­å–œä½ å›‰ ç¥ç¦ä½ å€‘æ—©ç”Ÿè²´å­/å¥³ â¤ï¸,-MvnbNMBNEMTOX9ZXXUF,https://firebasestorage.googleapis.com/v0/b/image.weddi.app/o/ykyl%2Fsmall%2FDSC04970-%E7%B7%A8%E8%BC%AF.jpeg?alt=media&token=40ac3e23-e8e5-4a0f-af29-672c20af4c9a,False,2022-02-13T15:04:53.965Z,æ˜ å®‡,"Mozilla/5.0 (iPhone; CPU iPhone OS 15_3_1 like Mac OS X) AppleWebKit/605.1.15 (KHTML, like Gecko) Mobile/19D52 [FBAN/FBIOS;FBDV/iPhone9,4;FBMD/iPhone;FBSN/iOS;FBSV/15.3.1;FBSS/3;FBID/phone;FBLC/zh_TW;FBOP/5]"
ç¥ç¦ä½ å€‘æœ‰æƒ…äººçµ‚æˆçœ·å±¬ï¼Œæ°¸çµåŒå¿ƒï¼Œç™½é ­å•è€ï½,-MvnlmzYODqI0Zi0u6Ni,https://firebasestorage.googleapis.com/v0/b/image.weddi.app/o/ykyl%2Fsmall%2FDSC04837-%E7%B7%A8%E8%BC%AF.jpeg?alt=media&token=f62c3ffb-ba8c-49cf-8366-ff84fbe53e28,True,2022-02-13T15:50:24.484Z,å°èˆ…åª½,"Mozilla/5.0 (iPhone; CPU iPhone OS 15_2_1 like Mac OS X) AppleWebKit/605.1.15 (KHTML, like Gecko) Mobile/19C63 [FBAN/FBIOS;FBDV/iPhone11,6;FBMD/iPhone;FBSN/iOS;FBSV/15.2.1;FBSS/3;FBID/phone;FBLC/zh_TW;FBOP/5]"
"æ­å–œæ€¡ç¶¾ï½ï½
ç¥ç¦ä½ å€‘ ç™¾å¹´å¥½åˆ å¹¸ç¦ç¾æ»¿ï¼",-MvoKKJrrZE-In2TBH8R,https://firebasestorage.googleapis.com/v0/b/image.weddi.app/o/ykyl%2Fsmall%2FDSC05135-%E7%B7%A8%E8%BC%AF-%E7%B7%A8%E8%BC%AF-%E7%B7%A8%E8%BC%AF.jpeg?alt=media&token=5771c770-f512-4c20-8772-775c3eb78054,False,2022-02-13T18:25:40.151Z,éœ½åŸ,"Mozilla/5.0 (iPhone; CPU iPhone OS 14_5_1 like Mac OS X) AppleWebKit/605.1.15 (KHTML, like Gecko) Mobile/18E212 [FBAN/FBIOS;FBDV/iPhone10,6;FBMD/iPhone;FBSN/iOS;FBSV/14.5.1;FBSS/3;FBID/phone;FBLC/zh_TW;FBOP/5]"
ç¥æ°¸æµ´æ„›æ²³ï¼å¹¸ç¦ç¾æ»¿ï¼,-MvpEeSqwkVOVvvmtzTc,https://firebasestorage.googleapis.com/v0/b/image.weddi.app/o/ykyl%2Fsmall%2FDSC04767-%E7%B7%A8%E8%BC%AF.jpeg?alt=media&token=618d6936-d275-4cbf-a6eb-a69a9ade93d8,False,2022-02-13T22:40:31.095Z,æ½”æ˜,"Mozilla/5.0 (iPhone; CPU iPhone OS 14_5_1 like Mac OS X) AppleWebKit/605.1.15 (KHTML, like Gecko) Mobile/18E212 [FBAN/FBIOS;FBDV/iPhone10,4;FBMD/iPhone;FBSN/iOS;FBSV/14.5.1;FBSS/2;FBID/phone;FBLC/zh_TW;FBOP/5]"
é›–ç„¶ç¨±ä¸ä¸Šæ˜¯å­¸å¦¹çš„æœ‹å‹ ä½†åˆ·è‡‰æ›¸çœ‹åˆ°çµå©šå–œè¨Šä¸è«‹è‡ªä¾†çš„åœ¨æµ·å¤§è‹±æ–‡èª²ä¸Šèªè­˜çš„æˆ‘ èª å¿ƒç¥è³€å­¸å¦¹é‚å‘äººç”Ÿçš„ä¸‹ä¸€å€‹æ—…ç¨‹ é¡˜å­¸å¦¹åœ¨å¹³å¸¸çš„ç”Ÿæ´»ä¸­å’Œå”¯ä¸€çš„ä»–å…±åº¦ä¸å¹³å‡¡çš„æ¯å€‹æ™‚åˆ»,-MvpGSUYHfZTrho7OXiH,https://firebasestorage.googleapis.com/v0/b/image.weddi.app/o/ykyl%2Fsmall%2FDSC04708-%E7%B7%A8%E8%BC%AF.jpeg?alt=media&token=02028092-dc71-457a-a5d6-fc441dc87077,False,2022-02-13T22:48:22.243Z,Alicia,Mozilla/5.0 (Windows NT 10.0; Win64; x64; rv:97.0) Gecko/20100101 Firefox/97.0
"è€å¦¹æ­å–œäº†, ç¥ç¦ä½ èƒ½é–‹é–‹å¿ƒå¿ƒçš„åº¦éæ¯ä¸€å¤©~",-Mvptd1hbJpSiA_iCZbc,https://firebasestorage.googleapis.com/v0/b/image.weddi.app/o/ykyl%2Fsmall%2FDSC04995-%E7%B7%A8%E8%BC%AF.jpeg?alt=media&token=e6357bcc-c043-4f0c-b5d6-9e8f95455cc8,True,2022-02-14T01:43:55.309Z,é»ƒå»ºç‘‹,"Mozilla/5.0 (Windows NT 10.0; Win64; x64) AppleWebKit/537.36 (KHTML, like Gecko) Chrome/98.0.4758.82 Safari/537.36"
æ­å–œä½ å€‘çµå©šå‘€ï¼Œæˆ‘ä¸Šç¦®æ‹œè·Ÿä½ å•å®Œäº‹æƒ…å»æ”¶ä¿¡æ‰ç™¼ç¾ä½ å¯„ä¿¡èªªå–æ¶ˆå®´å®¢äº†XDDDå•Šæˆ‘è¦ºå¾—é€™ä»¶è—è‰²çš„æ–°å¨˜ç¦®æœå¥½å¥½çœ‹ï¼Œå©šç´—ç…§ä¹Ÿéƒ½å¥½ç¾!ç¥ä½ å€‘ç™½é ­å•è€~,-MvpwJQ2Fo2PJiMFkyox,https://firebasestorage.googleapis.com/v0/b/image.weddi.app/o/ykyl%2Fsmall%2FDSC04788-%E7%B7%A8%E8%BC%AF.jpeg?alt=media&token=bc251c95-467a-4d01-9190-12f70b584016,False,2022-02-14T01:55:37.284Z,æ¦†å©·,"Mozilla/5.0 (Windows NT 10.0; Win64; x64) AppleWebKit/537.36 (KHTML, like Gecko) Chrome/98.0.4758.82 Safari/537.36"
"ç‚ºäº†ç…§é€™å¼µéœ¸æ°£ç…§ä¸çŸ¥é“é‡æ–°æ•´ç†äº†å¹¾æ¬¡XDD
å¤ªå¸¥å•¦ï½ç¥å¤©å¤©å¹¸ç¦é–‹å¿ƒ<3<3<3<3",-MvqZd-0ADr5hX7oFy2l,https://firebasestorage.googleapis.com/v0/b/image.weddi.app/o/ykyl%2Fsmall%2FDSC04708-%E7%B7%A8%E8%BC%AF.jpeg?alt=media&token=02028092-dc71-457a-a5d6-fc441dc87077,False,2022-02-14T04:51:47.329Z,BehindJohnsonChen,"Mozilla/5.0 (Macintosh; Intel Mac OS X 10_14_6) AppleWebKit/537.36 (KHTML, like Gecko) Chrome/96.0.4664.110 Safari/537.36"
å•Šå•Šå•Šå•Šå•Šå•Šçµå©šäº†å¥½æ£’æ£’ï½ï½ï½æ­å–œæ­å–œï½ï½ï½è¦ä¸€ç›´å¹¸ç¦â¤ï¸â¤ï¸â¤ï¸é€™å¼µç…§ç‰‡å¥½æœ‰å¤«å¦»è‡‰>\\\\\<,-MvqpVd0l7ZxqEmXTNQ5,https://firebasestorage.googleapis.com/v0/b/image.weddi.app/o/ykyl%2Fsmall%2FDSC05175-%E7%B7%A8%E8%BC%AF-%E7%B7%A8%E8%BC%AF.jpeg?alt=media&token=41761b1c-54dc-455f-84e3-f9bdcaefcc36,False,2022-02-14T06:05:29.537Z,å¹´,"Mozilla/5.0 (iPhone; CPU iPhone OS 14_8_1 like Mac OS X) AppleWebKit/605.1.15 (KHTML, like Gecko) Mobile/18H107 [FBAN/FBIOS;FBDV/iPhone11,2;FBMD/iPhone;FBSN/iOS;FBSV/14.8.1;FBSS/3;FBID/phone;FBLC/zh_TW;FBOP/5]"
å¼ˆæ„·ï¼Œæˆ‘æ˜¯ä¹ƒæ–‡ï¼Œå¯æƒœæˆ‘ä¸åœ¨å°ç£æ²’è¾¦æ³•åƒåŠ ä½ çš„å©šç¦®ï¼Œæ­å–œä½ çµå©šï¼Œé‚å…¥äººç”Ÿçš„ä¸‹å€‹éšæ®µï¼,-MvrwHaCUMxwwpUK-ZuU,https://firebasestorage.googleapis.com/v0/b/image.weddi.app/o/ykyl%2Fsmall%2FDSC04788-%E7%B7%A8%E8%BC%AF.jpeg?alt=media&token=bc251c95-467a-4d01-9190-12f70b584016,False,2022-02-14T11:14:44.237Z,ä¹ƒæ–‡,"Mozilla/5.0 (Linux; Android 11; Redmi K20 Pro Premium Edition Build/RKQ1.200826.002; wv) AppleWebKit/537.36 (KHTML, like Gecko) Version/4.0 Chrome/98.0.4758.87 Mobile Safari/537.36 [FB_IAB/FB4A;FBAV/353.0.0.34.116;]"
æ­å–œæ€¡ç¶¾ï½ç¥ç¦å¦³èˆ‡å‘±å‘±å¹¸ç¦å¿«æ¨‚æ¯ä¸€å¤©â˜ºï¸æ•£ç™¼å¾ˆå¤šç²‰è‰²æ³¡æ³¡çµ¦æˆ‘å€‘å–”ï¼,-MvsRIKju1vu5mTKxumS,https://firebasestorage.googleapis.com/v0/b/image.weddi.app/o/ykyl%2Fsmall%2FDSC05033-%E7%B7%A8%E8%BC%AF.jpeg?alt=media&token=dc3fd04c-c1d9-4d1a-a8dc-099be18e5b35,False,2022-02-14T13:34:35.888Z,ä¸Šç‘„,"Mozilla/5.0 (iPhone; CPU iPhone OS 15_1_1 like Mac OS X) AppleWebKit/605.1.15 (KHTML, like Gecko) Mobile/19B81 [FBAN/FBIOS;FBDV/iPhone13,2;FBMD/iPhone;FBSN/iOS;FBSV/15.1.1;FBSS/3;FBID/phone;FBLC/zh_TW;FBOP/5]"
"æœŸè¨±ä½ èƒ½å‘çˆ¸çˆ¸çœ‹é½Šï¼Œ
ç•¶å€‹100åˆ†çš„è€å…¬ï½ï½",-MvvINjvK2wiJEgnkqZY,https://firebasestorage.googleapis.com/v0/b/image.weddi.app/o/ykyl%2Fpublic_upload%2F36bc7294-3b22-4b56-85dc-f7c8aa7a2f5d?alt=media&token=28d5c71c-b8ef-4191-a487-03990eb184fc,True,2022-02-15T02:54:30.396Z,æœ€å¹¸ç¦çš„å©†å©†,"Mozilla/5.0 (Linux; Android 11; SM-A205GN Build/RP1A.200720.012; wv) AppleWebKit/537.36 (KHTML, like Gecko) Version/4.0 Chrome/98.0.4758.87 Mobile Safari/537.36 [FB_IAB/FB4A;FBAV/353.0.0.34.116;]"
æ€¡ç¶¾ï¼šç®¡æ•™å…’å­çš„é‡è²¬å¤§ä»»å°±äº¤çµ¦å¦³äº†ï¼Œä¸ä¹–çš„è©±å°±çµ¦ä»–Kä¸‹å»ï¼Œåƒè¬ä¸è¦å®¢æ°£ï¼,-MvvNtkXRm4TNu9uSGo-,https://firebasestorage.googleapis.com/v0/b/image.weddi.app/o/ykyl%2Fpublic_upload%2Fdb91648e-09f5-4dcc-aa89-56919ceb52f1?alt=media&token=10a98ed0-4530-45f3-872c-e06e3f3b0f5e,True,2022-02-15T03:18:36.322Z,è€çˆ¸,"Mozilla/5.0 (Linux; Android 11; SM-A528B Build/RP1A.200720.012; wv) AppleWebKit/537.36 (KHTML, like Gecko) Version/4.0 Chrome/98.0.4758.87 Mobile Safari/537.36 [FB_IAB/FB4A;FBAV/353.0.0.34.116;]"
"æ­å–œä½ å€‘å–œçµé€£ç†
é€™æ˜¯å¤šéº¼é›£å¾—çš„ç·£ä»½
å¸Œæœ›ä½ å€‘çæ„›å½¼æ­¤
äº’ä¿¡äº’è«’äº’æ„›
å»ºç«‹ç¾æ»¿å¹¸ç¦çš„å®¶åº­",-Mvvcau1HevRgYrQzc5H,https://firebasestorage.googleapis.com/v0/b/image.weddi.app/o/ykyl%2Fsmall%2FDSC04970-%E7%B7%A8%E8%BC%AF.jpeg?alt=media&token=40ac3e23-e8e5-4a0f-af29-672c20af4c9a,True,2022-02-15T04:27:13.411Z,ææ¢…æ˜¥/å¤§å§¨,"Mozilla/5.0 (Linux; Android 7.1.1; CPH1707 Build/NMF26X; wv) AppleWebKit/537.36 (KHTML, like Gecko) Version/4.0 Chrome/93.0.4577.62 Mobile Safari/537.36 [FB_IAB/FB4A;FBAV/334.0.0.32.119;]"
å¸¥å“¥ç¾¿æ„·ï¼Œç¥ç¦æ‚¨æ¯æ—¥éƒ½åƒæ–°å©šä¸€æ¨£å¹¸ç¦ã€å¿«æ¨‚ã€å¥åº·ã€‚,-MvvkCRko-u5LJ7jzxT_,https://firebasestorage.googleapis.com/v0/b/image.weddi.app/o/ykyl%2Fsmall%2FDSC05144-%E7%B7%A8%E8%BC%AF.jpeg?alt=media&token=0068bae2-905a-4fe3-b048-bf361f0e982c,False,2022-02-15T05:00:26.288Z,æ˜å¾·å¹«-åšå…ƒ,"Mozilla/5.0 (Windows NT 10.0; Win64; x64) AppleWebKit/537.36 (KHTML, like Gecko) Chrome/98.0.4758.82 Safari/537.36"
æ­å–œå•Š!ç¥ä½ å€‘æ°¸é å¹¸ç¦!,-MvwUKkD2NKfQC32Na86,https://firebasestorage.googleapis.com/v0/b/image.weddi.app/o/ykyl%2Fsmall%2FDSC04695-%E7%B7%A8%E8%BC%AF.jpeg?alt=media&token=50d724ae-1e35-4d44-88a4-069b0c661866,False,2022-02-15T08:26:21.070Z,è€ç‹,"Mozilla/5.0 (Windows NT 10.0; Win64; x64) AppleWebKit/537.36 (KHTML, like Gecko) Chrome/98.0.4758.82 Safari/537.36"
"ç¥ç¦ç¾¿æ„·å’Œæ€¡ç¶¾
å¤©è³œè‰¯ç·£ã€å¹¸ç¦ç¾æ»¿",-Mvwq_G8BOBHO7UjJZu_,https://firebasestorage.googleapis.com/v0/b/image.weddi.app/o/ykyl%2Fsmall%2FDSC04642-%E7%B7%A8%E8%BC%AF.jpeg?alt=media&token=6c418a66-9bb7-4fdc-b28c-9b412284ba8e,True,2022-02-15T10:07:53.931Z,æ±ªæ˜ç›Š/å§¨ä¸ˆ,"Mozilla/5.0 (Linux; Android 6.0.1; CPH1611 Build/MMB29M; wv) AppleWebKit/537.36 (KHTML, like Gecko) Version/4.0 Chrome/97.0.4692.98 Mobile Safari/537.36 [FB_IAB/FB4A;FBAV/351.0.0.38.117;]"
"èªè­˜é€™éº¼ä¹…äº†
å»¢è©±ä¸ç”¨å¤š
æ­å–œæ¬¸ï½ğŸ¤£ğŸ¤£",-MvwsFQW-dAu48tp17J3,https://firebasestorage.googleapis.com/v0/b/image.weddi.app/o/ykyl%2Fsmall%2FDSC04925-%E7%B7%A8%E8%BC%AF.jpeg?alt=media&token=215f3ba8-fd61-470d-9e48-890061c703a2,False,2022-02-15T10:15:12.866Z,è”¡æ¿Ÿç«¹,"Mozilla/5.0 (iPhone; CPU iPhone OS 14_7_1 like Mac OS X) AppleWebKit/605.1.15 (KHTML, like Gecko) Mobile/15E148 Safari Line/12.1.0"
ç¾¿æ„·ã€æ€¡ç¶¾:æ­å–œæ­å–œ!!!ç¥ç¦å…©ä½é•·é•·ä¹…ä¹…ï¼Œç™¾å¹´å¥½åˆ:),-MvwuguJeFztqN9ZNlMM,https://firebasestorage.googleapis.com/v0/b/image.weddi.app/o/ykyl%2Fsmall%2FDSC04767-%E7%B7%A8%E8%BC%AF.jpeg?alt=media&token=618d6936-d275-4cbf-a6eb-a69a9ade93d8,False,2022-02-15T10:25:53.812Z,å† éœ,"Mozilla/5.0 (Windows NT 10.0; Win64; x64) AppleWebKit/537.36 (KHTML, like Gecko) Chrome/98.0.4758.82 Safari/537.36"
å­¸é•·ï¼šæ–°å©šå¿«æ¨‚ï¼ç¥æ°¸æµ´æ„›æ²³â¤ï¸,-Mvx8CtluBcFpTysSa80,https://firebasestorage.googleapis.com/v0/b/image.weddi.app/o/ykyl%2Fsmall%2FDSC04708-%E7%B7%A8%E8%BC%AF.jpeg?alt=media&token=02028092-dc71-457a-a5d6-fc441dc87077,False,2022-02-15T11:29:18.961Z,è‰æ™´ Sunny,"Mozilla/5.0 (iPhone; CPU iPhone OS 14_6 like Mac OS X) AppleWebKit/605.1.15 (KHTML, like Gecko) Mobile/15E148 [FBAN/FBIOS;FBDV/iPhone11,8;FBMD/iPhone;FBSN/iOS;FBSV/14.6;FBSS/2;FBID/phone;FBLC/en_US;FBOP/5]"
æ­å–œğŸ‰ğŸ‰,-Mw2SN4qALwbOYxdO-ty,https://firebasestorage.googleapis.com/v0/b/image.weddi.app/o/ykyl%2Fsmall%2FDSC04854-%E7%B7%A8%E8%BC%AF-%E7%B7%A8%E8%BC%AF.jpeg?alt=media&token=180a8a11-c1db-4fa2-a7dd-ed995cb5cc3a,False,2022-02-16T16:55:06.870Z,é»ƒå»ºéŠ˜/æµ·å¤§è³‡å·¥åŒå­¸,"Mozilla/5.0 (iPhone; CPU iPhone OS 15_1_1 like Mac OS X) AppleWebKit/605.1.15 (KHTML, like Gecko) Mobile/19B81 [FBAN/FBIOS;FBDV/iPhone14,5;FBMD/iPhone;FBSN/iOS;FBSV/15.1.1;FBSS/3;FBID/phone;FBLC/zh_TW;FBOP/5]"
"ã€Šä»–è®“æˆ‘å€‘å¥½é©•å‚²ã€‹ä¸€ç›´æ˜¯å§‘å§‘å‘åˆ¥äººå½¢å®¹çš„ä½ â€¢â€¢ç¾åœ¨æ˜¯â€ä½ å€‘â€œäº†ï¼Œè¦è®“æˆ‘å€‘ç¹¼çºŒé©•å‚²ä¸‹å»å™¢ï¼
è¶•é»é€²åº¦ï¼Œè®“å§‘å§‘è¢«è¿½è‘—è·‘ï¼Œè®“å§‘å§‘è¢«å–Šè‘—è¦â€œå§‘å©†æŠ±æŠ±â€â€¢â€¢",-Mw6cn2cre5eujGivgbF,https://firebasestorage.googleapis.com/v0/b/image.weddi.app/o/ykyl%2Fsmall%2FDSC04708-%E7%B7%A8%E8%BC%AF.jpeg?alt=media&token=02028092-dc71-457a-a5d6-fc441dc87077,True,2022-02-17T12:23:29.768Z,é™³éº—èŠ³,"Mozilla/5.0 (Linux; Android 12; V2050 Build/SP1A.210812.003; wv) AppleWebKit/537.36 (KHTML, like Gecko) Version/4.0 Chrome/93.0.4577.82 Mobile Safari/537.36 [FB_IAB/FB4A;FBAV/353.0.0.34.116;]"
é™³ç¾¿æ„·æ–°å©šå¿«æ¨‚å•Šï¼çœŸçš„å¥½æœŸå¾…é€™å€‹ğŸ¥ºğŸ¥º,-MwE6SdHHuT9kABaqPtz,https://firebasestorage.googleapis.com/v0/b/image.weddi.app/o/ykyl%2Fpublic_upload%2F822b9301-c44d-4450-b768-15d60148681b?alt=media&token=a8e104a8-bef5-43cb-91d1-4dee924a2fb1,True,2022-02-18T23:14:49.043Z,é»ƒéŸ‹å€«,"Mozilla/5.0 (iPhone; CPU iPhone OS 14_8_1 like Mac OS X) AppleWebKit/605.1.15 (KHTML, like Gecko) Mobile/15E148 Safari Line/12.2.0"
"æœ€å–œæ­¡é€™å¼µç…§ç‰‡ï¼Œè‡ªç„¶åœ°æœ›è‘—å½¼æ­¤çœ¼çœ¸ç›¸è¦–è€Œç¬‘ï¼Œçœ¼è£¡æ»¿æ˜¯å¹¸ç¦è—ä¸ä½ğŸ¥°æ­å–œä½ æ™‰å‡ç‚ºäººå¦»å›‰ï½
æ–°éƒçµ•å°ä¸èƒ½æ¬ºè² æ–°å¨˜å”·ï¼
æ–°å¨˜è«‹ä½ å¥½å¥½æ„›è­·æ–°éƒå”·ï¼
ç¥ç¦å…©ä½ä»¥åŠåœ¨åº§çš„è¦ªå‹å€‘å¿«æ¨‚å……å¯¦çš„éæ¯ä¸€å¤©ğŸ™‚
å°äº†ï¼æˆ‘çš„æ§èŠ±è«‹å®…é…çµ¦æˆ‘ å“ˆå“ˆ",-MwJ6zIJVO_OizZcNpBG,https://firebasestorage.googleapis.com/v0/b/image.weddi.app/o/ykyl%2Fsmall%2FDSC05204-%E7%B7%A8%E8%BC%AF-%E7%B7%A8%E8%BC%AF-2.jpeg?alt=media&token=c02962d9-d3df-4345-89e7-10212dd1ee6a,True,2022-02-19T22:35:12.981Z,ç±³æŸ”,"Mozilla/5.0 (iPhone; CPU iPhone OS 15_2_1 like Mac OS X) AppleWebKit/605.1.15 (KHTML, like Gecko) Mobile/19C63 [FBAN/FBIOS;FBDV/iPhone12,1;FBMD/iPhone;FBSN/iOS;FBSV/15.2.1;FBSS/2;FBID/phone;FBLC/zh_TW;FBOP/5]"
ç”·å¸¥å¥³ç¾ï¼Œæ°¸æµ´æ„›æ²³â¤ï¸â¤ï¸â¤ï¸â¤ï¸,-MwJzLqPdAHajJBuUIaG,https://firebasestorage.googleapis.com/v0/b/image.weddi.app/o/ykyl%2Fsmall%2FDSC04837-%E7%B7%A8%E8%BC%AF.jpeg?alt=media&token=f62c3ffb-ba8c-49cf-8366-ff84fbe53e28,True,2022-02-20T02:37:07.354Z,å¡”,"Mozilla/5.0 (iPhone; CPU iPhone OS 15_3_1 like Mac OS X) AppleWebKit/605.1.15 (KHTML, like Gecko) Mobile/15E148 LightSpeed [FBAN/MessengerLiteForiOS;FBAV/347.1.0.30.115;FBBV/350261955;FBDV/iPhone13,4;FBMD/iPhone;FBSN/iOS;FBSV/15.3.1;FBSS/3;FBCR/;FBID/phone;FBLC/zh-Hant;FBOP/0]"
ç¥ä½ å€‘æ°¸é å¹¸ç¦å¿«æ¨‚ï¼Œç¾¿æ„·ç™¼å¤§è²¡ğŸ˜ğŸ˜ğŸ˜,-MwJzbrZzTxLXJJtKV3g,https://firebasestorage.googleapis.com/v0/b/image.weddi.app/o/ykyl%2Fsmall%2FDSC04978.jpg?alt=media&token=437b629b-d1af-45e2-a1c5-c789fe7d5377,True,2022-02-20T02:38:17.060Z,åšè¨¼,"Mozilla/5.0 (iPhone; CPU iPhone OS 14_4_2 like Mac OS X) AppleWebKit/605.1.15 (KHTML, like Gecko) Mobile/15E148 LightSpeed [FBAN/MessengerLiteForiOS;FBAV/332.0.0.45.117;FBBV/321367341;FBDV/iPhone9,4;FBMD/iPhone;FBSN/iOS;FBSV/14.4.2;FBSS/3;FBCR/;FBID/phone;FBLC/zh-Hant;FBOP/0]"
æ­å–œä½ å€‘å…±çµé€£ç†ğŸ‰ç¥ç¦ ç™¾å¹´å¥½åˆ æ°¸æµ´æ„›æ²³ğŸ¥°,-MwKELY3tmXPdLYBUSOP,https://firebasestorage.googleapis.com/v0/b/image.weddi.app/o/ykyl%2Fsmall%2FDSC04668-%E7%B7%A8%E8%BC%AF.jpeg?alt=media&token=93d38de0-c8ee-41ce-8b55-fc0aec13180a,True,2022-02-20T03:47:00.421Z,ç§€æ¶µ,"Mozilla/5.0 (iPhone; CPU iPhone OS 15_1 like Mac OS X) AppleWebKit/605.1.15 (KHTML, like Gecko) Version/15.1 Mobile/15E148 Safari/604.1"
å¤§èˆ…èˆ…ç¥ç¦ä½ ã€å¦³æ°¸é å¹¸ç¦å¿«æ¨‚,-MwKGJsbEJrHwdkVUVup,https://firebasestorage.googleapis.com/v0/b/image.weddi.app/o/ykyl%2Fsmall%2FDSC04883-%E7%B7%A8%E8%BC%AF.jpeg?alt=media&token=ca73532e-344b-4f63-9a29-a8d1a00c3bcb,True,2022-02-20T03:55:37.895Z,å¤§èˆ…èˆ…,"Mozilla/5.0 (iPhone; CPU iPhone OS 15_2_1 like Mac OS X) AppleWebKit/605.1.15 (KHTML, like Gecko) Version/15.2 Mobile/15E148 Safari/604.1"
æ–°å©šå¿«æ¨‚ï¼ï¼,-MwKI-eEworJDDUD20VP,https://firebasestorage.googleapis.com/v0/b/image.weddi.app/o/ykyl%2Fsmall%2FDSC04708-%E7%B7%A8%E8%BC%AF.jpeg?alt=media&token=02028092-dc71-457a-a5d6-fc441dc87077,True,2022-02-20T04:02:59.344Z,ç©ï¼ˆå°èˆ…èˆ…çš„å¤§å¥³å…’ï¼‰,"Mozilla/5.0 (iPhone; CPU iPhone OS 14_8_1 like Mac OS X) AppleWebKit/605.1.15 (KHTML, like Gecko) Version/14.1.2 Mobile/15E148 Safari/604.1"
æ–°å©šå¿«æ¨‚æ—©ç”Ÿè²´å­ğŸ¤©,-MwKLgz13e_kBaw2WLgl,https://firebasestorage.googleapis.com/v0/b/image.weddi.app/o/ykyl%2Fpublic_upload%2F4b8f7790-b830-4b80-af37-972d35a58384?alt=media&token=8d36d687-1bf9-447b-aa6f-287ff8345781,True,2022-02-20T04:19:07.331Z,çç çš„å°å­©2,"Mozilla/5.0 (iPhone; CPU iPhone OS 15_2_1 like Mac OS X) AppleWebKit/605.1.15 (KHTML, like Gecko) Version/15.2 Mobile/15E148 Safari/604.1"
æ‰å­ä½³äººï¼Œå¤©ä½œä¹‹åˆï¼Œå¤©è³œè‰¯ç·£ï¼Œç™¾å¹´å¥½åˆ,-MwKLn0l4aRsBB5r2Yy-,https://firebasestorage.googleapis.com/v0/b/image.weddi.app/o/ykyl%2Fsmall%2FDSC04766.jpg?alt=media&token=6fc95118-c897-482c-b92b-ad5439a9ecb7,True,2022-02-20T04:19:32.081Z,é˜¿é¦™é˜¿å§¨,"Mozilla/5.0 (Linux; Android 12; SAMSUNG SM-N9810) AppleWebKit/537.36 (KHTML, like Gecko) SamsungBrowser/16.0 Chrome/92.0.4515.166 Mobile Safari/537.36"
æ–°å©šå¿«æ¨‚ï¼Œå¹¸ç¦ç¾æ»¿ï¼Œç™¾å¹´å¥½åˆï¼Œç™½é ­å•è€ã€‚,-MwKLnNNqrfa333F9Tck,https://firebasestorage.googleapis.com/v0/b/image.weddi.app/o/ykyl%2Fpublic_upload%2F248c3032-9e69-435e-a7b3-ae1fcdf26a78?alt=media&token=1b6d6d6c-42a3-43f3-8339-433b4ca8b04e,True,2022-02-20T04:19:33.529Z,çç çš„å°å­©3,"Mozilla/5.0 (iPhone; CPU iPhone OS 14_8_1 like Mac OS X) AppleWebKit/605.1.15 (KHTML, like Gecko) Version/14.1.2 Mobile/15E148 Safari/604.1"
æ°¸é å¹¸ç¦ï¼ï¼ï¼ğŸ‰ğŸ‰â™¥ï¸â™¥ï¸,-MwKLrPHlOOPOgohMKYo,https://firebasestorage.googleapis.com/v0/b/image.weddi.app/o/ykyl%2Fsmall%2FDSC04970-%E7%B7%A8%E8%BC%AF.jpeg?alt=media&token=40ac3e23-e8e5-4a0f-af29-672c20af4c9a,True,2022-02-20T04:19:50.035Z,Ping,"Mozilla/5.0 (Linux; Android 11; SM-G973F) AppleWebKit/537.36 (KHTML, like Gecko) Chrome/98.0.4758.101 Mobile Safari/537.36"
æ°¸è£•æ„›æ²³ï½,-MwKM1-lEyzN7NwHdKO4,https://firebasestorage.googleapis.com/v0/b/image.weddi.app/o/ykyl%2Fsmall%2FDSC04837-%E7%B7%A8%E8%BC%AF.jpeg?alt=media&token=f62c3ffb-ba8c-49cf-8366-ff84fbe53e28,True,2022-02-20T04:20:33.457Z,âœŒï¸,"Mozilla/5.0 (iPhone; CPU iPhone OS 14_7_1 like Mac OS X) AppleWebKit/605.1.15 (KHTML, like Gecko) Version/14.1.2 Mobile/15E148 Safari/604.1"
æ°¸çµåŒå¿ƒï½,-MwKMIElJRBC72gHtHLB,https://firebasestorage.googleapis.com/v0/b/image.weddi.app/o/ykyl%2Fsmall%2FDSC04995-%E7%B7%A8%E8%BC%AF.jpeg?alt=media&token=e6357bcc-c043-4f0c-b5d6-9e8f95455cc8,True,2022-02-20T04:21:44.049Z,å°èˆ…èˆ…,"Mozilla/5.0 (iPhone; CPU iPhone OS 15_2_1 like Mac OS X) AppleWebKit/605.1.15 (KHTML, like Gecko) Version/15.2 Mobile/15E148 Safari/604.1"
"æ°¸æµ´æ„›æ²³
ç¾éº—æ¯ä¸€å¤©",-MwKPc2LexOcksynsd_S,https://firebasestorage.googleapis.com/v0/b/image.weddi.app/o/ykyl%2Fsmall%2FDSC04668-%E7%B7%A8%E8%BC%AF.jpeg?alt=media&token=93d38de0-c8ee-41ce-8b55-fc0aec13180a,True,2022-02-20T04:36:15.704Z,é™³éº—èŠ³,"Mozilla/5.0 (Linux; Android 12; V2050) AppleWebKit/537.36 (KHTML, like Gecko) Chrome/93.0.4577.82 Mobile Safari/537.36"
ç¥ç¦ä½ ã€å¦³æ°¸é å¹¸ç¦å¿«æ¨‚,-MwKQBHuGXy9Uy84wAdP,https://firebasestorage.googleapis.com/v0/b/image.weddi.app/o/ykyl%2Fsmall%2FDSC04978.jpg?alt=media&token=437b629b-d1af-45e2-a1c5-c789fe7d5377,True,2022-02-20T04:38:44.154Z,å¤§èˆ…èˆ…,"Mozilla/5.0 (iPhone; CPU iPhone OS 15_2_1 like Mac OS X) AppleWebKit/605.1.15 (KHTML, like Gecko) Mobile/15E148 Safari Line/12.2.0"
æ€¡ç¶¾èˆ‡ç¾¿æ„·æ–°å©šå¿«æ¨‚ï¼ç¥æœªä¾†ç”Ÿæ´»ä¸€åˆ‡å¹³å®‰é †åˆ©ï¼,-MwKVfa5QvsclFt3K49o,https://firebasestorage.googleapis.com/v0/b/image.weddi.app/o/ykyl%2Fsmall%2FDSC04668-%E7%B7%A8%E8%BC%AF.jpeg?alt=media&token=93d38de0-c8ee-41ce-8b55-fc0aec13180a,True,2022-02-20T05:02:43.078Z,é¦¬å°šå½¬,"Mozilla/5.0 (Windows NT 10.0; Win64; x64) AppleWebKit/537.36 (KHTML, like Gecko) Chrome/98.0.4758.102 Safari/537.36"
